ID,Name,Age,Country
1,William Jones,24,UK
2,Olivia Brown,41,Japan
3,Isabella Smith,45,Italy
4,John Jones,54,UK
5,William Smith,37,France
6,James Williams,31,Italy
7,Emma Davis,54,Italy
8,Isabella Johnson,34,Germany
9,Benjamin Davis,35,Canada
10,John Jones,49,USA
11,Emma Martinez,56,UK
12,Olivia Smith,43,France
13,Benjamin Davis,35,Germany
14,Amelia Miller,44,India
15,Sophia Brown,62,UK
16,Isabella Smith,31,France
17,Sophia Rodriguez,39,Australia
18,Michael Garcia,21,India
19,Isabella Brown,41,USA
20,Sophia Jones,43,Japan
21,Benjamin Jones,55,India
22,Amelia Jones,55,Canada
23,Michael Martinez,49,Australia
24,William Smith,64,Canada
25,John Johnson,51,Australia
26,Sophia Smith,67,UK
27,John Rodriguez,21,Japan
28,Sophia Rodriguez,19,India
29,Olivia Davis,54,Germany
30,William Garcia,39,Germany
31,Olivia Johnson,60,France
32,William Garcia,26,Italy
33,John Davis,46,France
34,James Miller,61,UK
35,Isabella Williams,18,Japan
36,Olivia Brown,52,Brazil
37,Olivia Davis,64,Australia
38,John Rodriguez,49,UK
39,Sophia Martinez,50,Italy
40,Benjamin Miller,48,Brazil
41,Olivia Brown,38,Canada
42,James Johnson,45,Japan
43,Emma Smith,27,USA
44,Michael Martinez,57,Italy
45,John Davis,44,Brazil
46,Michael Garcia,21,Japan
47,Sophia Martinez,67,India
48,Benjamin Jones,41,France
49,Olivia Johnson,39,USA
50,William Davis,50,France
51,Olivia Williams,39,Brazil
52,James Garcia,31,India
53,Sophia Rodriguez,47,Australia
54,Michael Jones,57,Canada
55,Olivia Rodriguez,61,UK
56,Amelia Williams,60,Germany
57,Isabella Martinez,46,Italy
58,James Jones,66,Japan
59,Michael Davis,48,France
60,Sophia Martinez,70,France
61,Isabella Brown,49,Canada
62,William Williams,50,India
63,Benjamin Jones,32,India
64,John Johnson,27,Italy
65,Emma Garcia,57,UK
66,William Williams,23,Australia
67,Amelia Rodriguez,49,France
68,Benjamin Rodriguez,29,France
69,Olivia Davis,54,Canada
70,John Williams,42,UK
71,Sophia Jones,29,Australia
72,Benjamin Williams,54,Brazil
73,Michael Williams,57,UK
74,Amelia Smith,33,Australia
75,Benjamin Williams,64,India
76,Emma Davis,48,Italy
77,James Rodriguez,61,France
78,Isabella Davis,36,UK
79,James Jones,66,USA
80,Michael Smith,23,Japan
81,Michael Davis,56,India
82,Benjamin Smith,21,Japan
83,Isabella Williams,23,Brazil
84,Michael Garcia,26,Italy
85,John Jones,61,UK
86,Sophia Garcia,29,Germany
87,Amelia Garcia,27,Canada
88,Emma Davis,65,USA
89,Amelia Jones,45,France
90,Olivia Johnson,54,Germany
91,John Miller,18,Japan
92,William Smith,69,India
93,William Brown,52,USA
94,Michael Williams,67,Canada
95,Sophia Jones,48,India
96,Isabella Rodriguez,27,Japan
97,Sophia Garcia,54,Japan
98,Emma Rodriguez,19,UK
99,Olivia Rodriguez,31,India
100,William Jones,40,Japan
